{"cameraMode":{"drawMode":0,"name":"Shaded","section":"Shading Mode"},"sceneLighting":false,"audioPlay":false,"sceneViewState":{"showFog":true,"showMaterialUpdate":false,"showSkybox":false,"showFlares":true,"showImageEffects":true,"showParticleSystems":true},"in2DMode":false,"pivot":{"x":-5.090000152587891,"y":-2.680000066757202,"z":1.5499999523162842},"rotation":{"x":-0.28901034593582156,"y":-0.18180838227272035,"z":0.0560014471411705,"w":-0.9382409453392029},"size":0.3457953631877899,"orthographic":false}